ID,text,label
SUAVK39Z,I feel that it was better I dieAm happy,Depression
9JDAGUV3,Why do I get hallucinations?,Drugs
419WR1LQ,I am stresseed due to lack of financial support in school,Depression
6UY7DX6Q,Why is life important?,Suicide
FYC0FTFB,How could I be helped to go through the depression?,Depression
V6VSDJ5I,What are the effects of depression to ones health,Depression
9736J4UE,Why is everything so hard to deal with in this life,Depression
AY8L479Y, I feel emotionally overwhelmed ,Depression
OSFJV5EC,How to manage taking alcohol?,Alcohol
U4SGUGGM,Is heaven open for us who smoke bhang?,Drugs
JGBMEUC1,How to survive without money?,Depression
LM8GPR0X,How do i stop this? What do I do when life becomes unbearable?,Alcohol
EIF8Y8MX,"I was ever sad,alone and always on drugsNow I know how to cope with negative aspects in my life",Depression
03TVUJ9J,"I feel empty,absent minded",Depression
CBMIYRK7,I experienced depression in my studies,Depression
Y5MH83OX,I feel like am alone in this world,Depression
OHIWTBLA,I feel low and out of place,Depression
0LPO6TKU,What should i do to get out of depression?,Depression
WQG9NYO0,How can I stop using alcohol?,Alcohol
WYDRQKK9,"I feel hopeless, unworthy and useless …How do I cope with stress and frorge the past?",Depression
H6HGNIPM,Does mediataton help stop weed addiction?,Drugs
JJFB80YG,"I feel bad because life difficulties, I also feel bad that I have no one to control",Depression
SI6LH9S9,What are the effects of smoking bhang?,Drugs
P4T442GZ,"Sadness,hatredNow feeling is happiness",Depression
6T60B8ZM,"Feelings then were like everything was falling apart,Now things are in control",Depression
EL8WHB10,how do I cope with ta difficult situation?what will I d to avoid it?,Depression
K9DGPFW6,Deteriorating academic performance,Depression
46DPSGSJ,Effect of alcohol both in the society and my body,Alcohol
AWTMRJ2C,How could i stop using bhang,Drugs
Z38CHPES,How to avoid drug abuse?,Drugs
NUJNN8HA,How will I stop? What addiction means.,Alcohol
O7SRICTV,I feel rejected,Depression
TY6R8YBF, Is it right for depressed person to use drugs,Depression
4DDQ2BRX,I just stopped taking alcohol because i thought it was not good for me,Alcohol
CV11SA2H,How do I seek help from alcoholism,Alcohol
NYZTVG5E,i am  very stressed,Depression
G5GF4H7P,Main challenges of depression and their side effects to my health,Depression
ZB73RBET, feel confused and helpless and was pushed to the cornerFeeling kind of better,Depression
93G4A70N,How  does one avoid bad company?,Drugs
X45W9Q0S,How to avoiod depression in campus,Depression
ZBUCI1MA,Causes of suicide by youths,Suicide
J9T35NVE,What are the effects of alcohol?,Alcohol
JP9NVFHD,"I feel very low,how do I overcome it?",Depression
ML2SKCYN,I feel painful and unwanted,Depression
MT04SPT2,What can I do to change the situation?,Depression
G4VUYDC1,What to do to resist the bad feeling?,Depression
5M88BU4L,"Too much classwork, and how do I cope ith many responsibilities",Depression
2ANINIO7,How can I stop alcohol,Alcohol
BXMHPTHE,"I am facing a lot of challenges in life financially, emotionally, psycologically and with no solutions…How can I safely look for solutions about depression on google",Depression
459AWRKP,I always feel down,Depression
2ZH6D7O3,sad and lonely,Depression
9XPAAVP5,I feel I'm unworthy and wasted,Depression
8MPE9DNC,what are the best ways I can follow to stop using it,Alcohol
65WCW3PH,I think I can handle my drink,Alcohol
J4ES54MZ,I feel depressed because of relationship issueS,Depression
97VW5839,How can i stop taking alcohol,Alcohol
6T8HVMG3,what can I do to minimize my alcoholism,Alcohol
0RFTD03Y,How to deal and overcome bad situation,Suicide
KBYAYAJC,Effects of alcohol?,Alcohol
9WUGXUWF, I used my rent money in gambling,Depression
QKBV071K,Why do i exist?,Depression
BM946H9J,Will Prayer help me out of sucidal thoughts.,Suicide
IBADW0FW,How can I get help?,Depression
5I2N159N,Who could be the reason for depression?,Depression
KTL0D91A,I do suffer depression at times and i think the best way to avoid it is keeping myself busy,Depression
1JALYOEE,How to avoid alcohol,Alcohol
HD9XSQZD,Lonely and happiness,Depression
T65023SD,is there harm fo me when I take alcohol,Alcohol
YAKKXF3T,What is the  importance of alcohol?,Alcohol
PENYQE5S,I feel indescribable sadness,Depression
89FS5OH2,What are the common ways to reduce depression,Depression
HSAB9P4S,I feel so low,Depression
RI9SGXM0,Parental negletion causing  my depression,Depression
4B8XOMN7,Effects of alcohol on my body health,Alcohol
NGK6ZM5H,I have a bad company of friends that influence me to smoke weed,Drugs
TD9B0JK7,why is that I don’t succed in what I do,Depression
SCTJPCQ1,Is there self worth in life?,Suicide
QDBMJA08, I have low self esteem ,Depression
YS9D64RF,How can I overcome alcoholism? ,Alcohol
MKWX9595,How can i stop using weed,Drugs
HIE8CSV7,I am downhearted. How can I overcome the feeling?,Depression
F6LTQ978,How to stop alcohol,Alcohol
P1R7AXPE,should I stop drinking alcohol,Alcohol
SCBE9RL5,How to overcome such an incident,Suicide
27LQQZQ3,Side effects and problems associated with depression,Depression
KHJGZIB1,"I feel so irritated, why does this happen?",Depression
VPIOXWS8,What is the best way to withdraw from drugs?,Drugs
4HDJ2MLK,Feelings of anxiety and fear and feelings of inadequacy,Depression
IXEQA3Y4,What is a good of life?,Alcohol
X7ONF6SO,What are the effects of depression?,Depression
MTTRV505,Measures to take to overcome suicidal thoughts,Suicide
GR0P3AXE,how do I  avoid getting addicted,Alcohol
DQYT5T05,Feeling lonelyNow I feel better,Depression
50NFWPFO, why do we use bhang?,Drugs
G1CNQX97,I felt incomplete and overthinking stress ,Depression
7ONNL6JS,"My feelings were chaotic,sad,isolatedNow better",Depression
HBG8Z32E,How to study to avoid failing  of my exams,Depression
RICJ4SMV,"Was sad,lonely,confusedNow happy and content",Depression
87FJU3OA,How can i stop drug abuse?,Drugs
4091K7GR,Why do we drink anyway? What is the effect of overdrinking alcohol?,Alcohol
PTJM4W2F,How to overcome this peer pressure of taking alcohol?,Alcohol
M4SRHJHN,I am thinking about school expenses,Depression
F4UA4E08,how do I handle pain,Depression
4YAZ71T4,what can I do inorder to stop alcohol abuse,Alcohol
RG2YXG81,How to manage social drinking?,Alcohol
QY55OB2E,Why is life so difficult?,Suicide
SP3FVI1L,I am sad,Depression
LZX05AM2, It feels as if my head is exploding Lots of burnout Am feeling much better,Depression
TNLKFJ3W,I feel hopelessFor now I am just fine,Depression
VSMF1JK5,"I got to a stagnation point,dropped out of classes",Depression
0WD80PHP,what are the advantages of taking bhang?,Drugs
1I1423F8,I feel stressed and hopeless,Depression
SD3C3HNH,Challenging,Depression
9XHFLZW0,I feel abandoned and lonely,Depression
PBVEUVY5,I can't stop smoking weed because of the good feeling of calmness.,Drugs
V0SS50TS,I am overwhelmed by life.,Suicide
1VIUC0G0,I feel terrible,Depression
J6DZPN7V,Is taking drugs worth it?,Drugs
4JF0OXGT,I feel like days were flying past me,Depression
S1FD3U91,Why do bad things always happen to me?,Depression
T62AVHMC,Lonely and stressed,Depression
11CGOZLV,How can I avoid wasting my money on alcohol with friends,Alcohol
UL95QSEX,Dissappointed,Depression
4FZFI3HJ,How does one come out of depression?,Depression
33K6R2R3,How to stop the addiction,Alcohol
LPV5XWOK,"I am Lonely and nott myself, simply because of relationship issues",Depression
X8GDM3BF,I'm still depressed and worried of my mental health,Depression
OZFGITK8,How will I stop?,Alcohol
HF2DDNQZ, What can one do to reduce the feeling of depression?,Depression
YYNUDOWG,How to reduce excess intake of alcohol,Alcohol
P7Z3JK1D,whom should I disclose to my issues,Depression
L1GXD7QK,Impacts of alcohol in real life,Alcohol
P6F3W88R,How can I stop taking bhang?,Drugs
XPNDRLBZ,I was so depressed and I feel like the whole world was against me,Depression
TU17R8EH," I really feel bored with the situation I am in , and experiencing dizzines  and a lack of appetite",Depression
MNARVFA1,I feel things were not going my way and feel like giving up,Depression
3HVSN1L9,I feel like I have wasted my life,Depression
AET542VI,"Insomia,headache,social problems",Depression
E064SNA9,How can I do without alcohol when stressed?,Alcohol
39NBD6FO,What makes one an addict of alcohol?,Alcohol
TFB5T5K9,How can i stop drinking,Alcohol
X1ROWD34,How to stop/ reduce alcohol,Alcohol
5SQF3ZIP,How can I do without a relationship?,Depression
PW1OUC5S,How to gain momentum in academics,Depression
HFT4O5RI,I feel that nobody loved me as much if I was in my own world I feel much bette,Depression
BIQ3K5MF,I feel like the world is against me ,Depression
RPR79301,How can I stop drug usage?,Drugs
SRRPHNPR,Does bhang affect your memory?,Drugs
X8ZI1GT6," I haveI had a feeling of being lone ranger, but I'm okay now",Depression
OSOAIJEZ,How to stop bhang?,Drugs
UVSIAT7E,I feel like giving up everything,Depression
K186E1KR,I feel sad,Depression
IMXTN5TC,I feel less important to anyone,Depression
DXPY4E6H,Causes of alcoholism. ways in which one can do to stop alcohol,Alcohol
Z5ZE798J,Ways to stop alcohol addiction,Alcohol
SDRU0I0I,I feel so low like the only way out is death,Depression
7QCXEWFU,What is more to life?,Drugs
F9NRCHYI,"Looking for employment,still depressed",Depression
519MFQ9G,what do I do to stop?,Drugs
AWQDGRT6,i feel well okay,Depression
PO5PLBDQ,I feel low and lost hope in everythingI feel better now,Depression
DGPCPMEH,I have a disease that drained all resources from my family,Depression
5JLVKXY3,I am involved in a Love affair and I would like to know hw can I control myself?,Depression
H9JJ8H3N,I waste money on alcohol,Alcohol
CGF1MPRY,What are the effects of smoking bhang?,Drugs
GUDI29F9,What are the best coping strategies to deal with stress?,Alcohol
W1E9KIF6," my sister oftenly faints, this troubles me",Depression
9U6OKPXX,Hopeless and how to get out of it,Depression
4XNB1V5E,I am depressed and want solitude,Depression
VHHH5F68,Is withdrawal from people helpful from commiting suicide?,Suicide
NHTQ6O30,i feel stressed,Depression
FHO1C5EF,Is there a peer counselling programme,Depression
7TYFSZHT,How to overcome alcoholism?,Alcohol
MO49SQRK,How can I stop taking alcohol?,Alcohol
JGF06QXV,I hate my life,Depression
2WAYPCEQ,I have given up with everything in life ,Depression
U9T40R7Q,Causes of suicide,Suicide
H7X049T2, im feeling stressed,Depression
CEAOWJOR,Why is the larger percentage of youths involved in alcoholism,Alcohol
BXPHSVEO,Where i get money for my needs…Where do I get money  for personal needs?,Depression
C7QD5SLH,How do i get better?,Depression
C4Q8W3C9,How to avoid the thoughts?,Suicide
Z5XWUAEQ,What is the reason for depression?,Depression
Y7B63LQT,Why do people think of commiting suicide?,Suicide
SGZIY718,What are the effects of drug consumption?,Drugs
QCIAO332,How do I overcome the feeling of being  weaker and weaker in thoughts,Depression
1A99866J,I feel horrible and unsatisfied,Depression
2K0PN69M,Ways of overcoming peer influence of alcoholism.,Alcohol
7X4ZSOCS,How do I stop taking alcohol? Do you recommend rehabilitation,Alcohol
YNB3JEUO,What will my mum think of me whren she finds out that I smoke weed?,Drugs
AP3VVFX6,Will alcohol lead me to a bad place in life,Alcohol
JPRV8I5J,Why do I suffer?,Suicide
L9NXPIEN,Depressed about broken relationship with a church pastor after having sex with his highschool daughter,Depression
7L9G3QJ9,Who can guide me whn depressed?,Depression
J55053XP,I am financially constrained over school fees and my  family background is not stable with a lot of debts…I have an elderly brother who could easily support me but has no job even after graduating,Depression
YMIV9TAR,stressed and overwhelmed by the many thingof lifeRight now I'm taking things easy,Depression
ROK05XD3,I feel very discouraged my self esteem went low,Depression
JOWFMRU7,"I feel unloved, unwanted",Depression
CPZ81QFJ,I need advise on how to avoid alcohol,Alcohol
1V9AWIGY,Does smoking make one cool?,Drugs
R0AW64SP,I feel depressed because of issues with my best friend and my parents I was at my lowest point being lowkey everyday,Depression
TD15L93X, I never feel like I am npt worth living,Depression
9QYAHRR5,feel so low and sad,Depression
NUCSE95E,Being left by the person i loved the most,Depression
8NNK7CZJ,I feel trapped,Depression
94N9JHU2,This are my loneliest moments,Depression
CZ0V545V,I was once depressed and I feel like giving up with my life,Depression
UUB5FREC,I tried asking how to stop the habit,Alcohol
LD2JTQWZ,what are ways of dealing with depression,Depression
DQXPXEQN,I want to be alone in no company of friends,Depression
PB50CNUF,I told myself to be strong enough,Depression
6QZH2CWL,"Lonely, isolated, very weak",Depression
JYHRF3IE,I feel helpless,Depression
NQL6BXUU,Is life this hard?,Depression
F5N4RU80,Why is it that my health is deteroriating?,Alcohol
KPWR5OTH,"I feel withdrawn,alone,stresssed sad",Depression
IO6PZ9Y1,How can I overcome suicide from heartbreak?,Suicide
F0I7GIGE,I feel desparate…why is the world so unfair,Depression
698A4P0J,I feel like the world is falling apart,Depression
WLEWY07N,Effects of alcohol in my life?,Alcohol
24NNBTL7,How to deal with hallucinations?,Drugs
1HA77QQ3," Sad, lonely and tired",Depression
YZWFPP8M,feel very lonelyI'm quite okay,Depression
A4BCYETH,I take alcohol for personal realization.,Alcohol
YIXKUJUC,how to quit alcohol?,Alcohol
NIAOYQXU,is life even worth it,Suicide
N2DJJ1XY,I feel that everything was coming to an end,Depression
XY588V2F,What are the effects of alcohol on our bodies,Alcohol
D64IPYOU,How to manage my relationship,Suicide
SAWSGYZB,What is the solution for feeling hopeless,Depression
0UNXTGLP,How can i motivate myself when feeling low,Depression
UTKO2AZD,Never sought assistance,Suicide
2ASR64M6,Is alcohol really harmful?,Alcohol
BGPNXEE0,What could i do to deal with frustrations?,Drugs
93HHN24Q,why some things happen over and over again,Suicide
MOVEQ145,I did not seek help,Suicide
ZHP9VVGC,Does weed do any  good?,Drugs
SA2FYD2A,I feel heart broken,Depression
WGML4P7B,If the person i wronged will forgive me and accept reconcilliation,Suicide
3GLOZPU4,"I feel like the world was against me, especially from friends and relatives who were close to me I conqured it that my life is more important",Depression
SMVFTBV1,The feeling was like alone in the world,Depression
8E412HHJ,"Sad,lonely",Depression
X0YHNC8N, I feel like giving up,Depression
KLX5TBWE, Is it childlish to feel depressed,Depression
ZFTOS18U,How can I shun from the same?,Depression
OM77C6FZ,Feeling relieved,Depression
NOXKH5TS,Whom will I approach when mentally disturbed?,Depression
37IG68E9,why do I always feel heartbroken all the time,Suicide
YDMU6CHX,I have experienced stress which led to depressionI had the issue handled,Depression
Q4R2NXGE,I fee sad and unwanted,Depression
WBGFUUCK,how can I be helped to come out of depression?,Depression
ZP5PTWOV,I feel sad,Depression
AAKPNVQO,I am broke and very  unpreparedness in exams,Depression
2JTGDT5L,What if I live in an isolated place?,Depression
UU3DHPUN,How i stop the behaviour of alcohol taking,Alcohol
ATO107VQ, how I can be able to handle my stress and not feel like taking away my life,Suicide
TBAG3V8T,"what could be the cause of my depression,how can I overcome it",Depression
6IGFTWHT,Can beer lead to any problem?,Alcohol
1AOWXKXV,How to stop?,Drugs
FAFZLNY4,I am in a financial crisis,Depression
SRK3NE8O,I have smoked weed and addidcted and need assistance?,Drugs
LGBXU9PN,Is alccohol the only form of entertainment for the young adults?,Alcohol
T8BIPMVF,I feel Sad,Depression
4VMEBNDV,I lost my father,Depression
2QRTGS6A,Why I needed to keep holding on to nothing. If my life really ahd a purpose,Suicide
E1NEHTU0,How to convince someone against commiting suicide,Suicide
019YKKY0,"I feel bad about myself, I dont want to interact with anyone",Depression
A04YR7N0,How to control my emotions. How to stop drinnking.,Alcohol
XBFD6MDZ,I feel so lowI feel good and better now,Depression
EK67UMY1,I feel like commiting suicide and need solutions to the problem which led to the depression,Depression
124Y7IO6,Financial issues,Depression
6XVOCUMI,How can i stop bhang?,Drugs
MIZ8T6M9,"How do I deal with depression,should I do?",Depression
3WINGR1Y,How can i stop taking alcohol,Alcohol
ZN43XFVV,I feel like nobody cares,Depression
4SB4B0B5, I have and the feeling I had was not very pleasing ,Depression
OLQHJ0PO,How should I overcome depression? Why must it be me?,Depression
UZFCOXZP,How can I stay without smoking?,Drugs
1M6N5OI2,How to stop the addiction?,Alcohol
BHG2VBMC,I feel like killing myself and killing the people who caused my depression,Depression
8BKND7CF,I almost gave up and got no assistance,Depression
8UAQNJAY,Am I addicted?,Alcohol
JFXSWJSP,Is alcohol helpful to ones health,Alcohol
57OCJ216,What is a permanent solution to depressed person?,Depression
D4PDKNYF,How to deal with the problems which can lead to suicide,Suicide
0TID986J,how to quit alcohol,Alcohol
V8L9C5XG,I am overwhelmed on how to deal with the issue below I am fine now,Depression
COHF4DEW," I feel severely depressed I withdraw from people, and prefer to be alone",Depression
GI46OIMU,I lost a bet with house rent,Depression
MVVH8XCA,I feel uneasy difficulty with life,Depression
BS8XRA3X,"I have feel sad and hopeless, not sure if that's depression",Depression
DP6D3EG6,Are there any helpful effects of bhang?,Drugs
V0C7LKYN,"I am very nervous and bothered, ",Depression
5272SYMK,Where can I find a rehabilitation center?,Drugs
PKIO2M1G," Suicidal thoughts, stress, hyper-arousal",Depression
PQP1IRYK,What are the main causes of excessive alcohol taking,Alcohol
9EJV3WJK,Why is life so difficult?,Suicide
SJ2J5OEL, I don't feel like talking to anyone,Depression
1IHTBDJ2,What can I do to be relieved?,Depression
LIHIU7DI,Main causes of depression and how to deal with them when they arise,Depression
U3T52WN4, I feel lonely and discouraged,Depression
52BWXOL8,SadI am good,Depression
KWNGKGHQ,I feel like life does not make sense,Depression
3MXZDXDL,How to limit myself from getting depressed,Depression
2KOGKZUF,"I feel like my life is done, no more joy in life",Depression
JZRQUUF1,The loss of my beloved father,Depression
48HYYYED,"Why do people take alcohol and how benefitial is it to their life, What should one do to avoid taking alcohol",Alcohol
PMFIIRXF,how can I make money,Depression
IW10CAAM,I feel lonely and  no one wanted to stay around me,Depression
E7BSF5F4,How can I stop using alcohol?,Alcohol
W6C11AZK, feeling unloved or unwanted and I dont deserve to be alive ,Depression
1ECHO6JY,How to overcome the frustration,Suicide
Q06DDJ1O,What are the causes of depression and the effects,Depression
J3ORYNFV,"I felt emotionally low and sad most of the time I feel better, stronger and happier now",Depression
WZ2MGVEF,I am financially  instable,Depression
QEMQKIIN,Why all this challenges had to come my way where no one thought of me,Suicide
9DOVTEWF,How to stop taking alcohol,Alcohol
EV19B9ZK,I am devastated and  angry at ather people,Depression
VVC47SJA,How can I stop?,Alcohol
79DO3BLF,What are the effects and how can i get rid of it,Alcohol
U26JDVW1,"I need help, who can help me manage my situation?",Depression
4HP750CC,How can I get financial sponsorship,Depression
ZZQSS6H4,what do I do  to avoid stress,Depression
DPRVXK1C,I feel sickly and lack appetite,Depression
LPXJIQ0F,"I feel like life is not good,since I had no one to talk to",Depression
XS8XILTW,what is the worst experience from alcohol,Alcohol
YOJA9LQH,Why depression occurs,Depression
IKLQJKBL,what should I do to stop alcoholism?,Alcohol
DMC1XK7H,"I felt sad,was stressed,lowi am now better",Depression
FIH2SDXX, My family split and I am deeply affected,Depression
SRN1G752,Loss of a close family member,Depression
HXYQVQWR,What are the means to avoid alcohol?,Alcohol
PNXEUYN8, Family issue,Depression
XWU3Z6IA,"What am I going to do to reconcile with parents,they have rejected me?",Depression
806HFIMM,How can i get out of depression in future,Depression
458NTYKE,"Had a problem with my personal looks,feel sad",Depression
530N0OSW,How can i stop alcohol?,Alcohol
HRDQXFHE,How can I overcome peer pressure,Alcohol
ETG5YAOK,I was depressed way back in highschool while looking for schoolfees,Depression
5HNNAWYU,What more is life?,Alcohol
5THWQBRK,Can I ever get back to my old person,Alcohol
8P56CL8S,Can I kill myself?,Depression
4V3L91FT,I do not find pleasure in doing things,Depression
F0NI9AOY,How can I overcome depression,Depression
A1TVAV77,What can I do not to get depressed?,Depression
O55WPPEO,Is there anything i can do to avoid  smoking weed?,Drugs
NO6BCAST,How can i stop drinking alcohol,Alcohol
W9HP80YU,I don't feel loved,Depression
ZI14LEQ6,Low and alone,Depression
DN5UJHKK,I am still thinking of getting back to alcohol,Alcohol
WI9JJNVI,How can I overcome the alcohol addiction,Alcohol
XBAYE2FN,Does drinking alcohol solve all your problems?,Alcohol
3J7JPGD7,I have low self esteem ,Depression
DJEL7KQ1,I am fearful of failure when I start drinking alcohol,Alcohol
OGX0QSGU,Can beer lead to any problem?,Alcohol
LMD13ZEK,I was much depressed and a lot of confusion,Depression
9LQLIVJN,"I really feel so down, disgusted and diserted, I feel more depresses and seeking for guidance",Depression
R0RZ3ISJ,"I feel lonely,how do I get out of this position",Depression
NM3JOH4T,"I feel so low sickly,I was lonelyCurrently feeling better after guidance and counselling",Depression
8BR3ZDDW,why do some people judge me too quickly and why do I fail in everything,Depression
1YK7RQ1V,I'm still depressed,Depression
5C7PZ719,How to help when you depressed?,Depression
Q7T5GJPT,"I feel withdrawn, how do I get over an ex?",Depression
UXMHC2DY,I am experiencing a challenge in raising my school fees and  it was not an easy task because of the family issues,Depression
8A0L8D4F,I feel alone and that everyone had deserted me when I need them the most,Depression
QJRZKSBF,I am an addict.,Alcohol
EXF1GZG5,How do I quit drinking excessive alcohol,Alcohol
4N0N95OJ,what exactly is depression,Depression
ZMXITBVW,How can i stop using alcohol and in what ways can it affect my future?,Alcohol
822XTUHN,why should I stop taking alcohol,Alcohol
PW3IHHIH,Why are most of my friends ignoring me? why is it I am going through much in life compared to others,Suicide
MFSIUMOQ,feel that life is unworthy,Depression
4WT396Z8,How can I quit alcoholism?,Alcohol
AXB45SPX,What are ways to quit bhang use?,Drugs
1ZFDUBIG, Fear of the future which is unpredictable and feelings of anxiety,Depression
AZ86LNQL,Should I ignore my friends?,Alcohol
D911LP0M, I am making efforts to quit but it is challenging,Drugs
X6ZOTZ9W,Should I go back to ex girlfriend?,Suicide
J6JW6ZKN, I feel like God had abandoned me or rather I am  not supposed to be born or existd,Depression
RCNR7KU0,what can I do with my life now,Depression
EFK2DMIY,How can i stop taking alcohol?,Alcohol
T6WTTRZR,How does someone commit suicide?,Suicide
A9YBOHVL,I feel lonely and sad,Depression
BVG5L5JW,I feel wasted and used by my GF ,Depression
QCRNZLUK,How can you come out from a depressing situation?,Depression
4HOGHNMY,Am i not a man enough?,Alcohol
YECHMD4P,How can I stop using alcohol?,Alcohol
OED97WAE,How do you get to the point of depression?,Depression
C23HZKC4,How will campus education be of help?,Depression
758KAJFQ,why am I thinking of suicide?,Suicide
X0WLSH74,Death of a beloved one,Depression
49OI9LFV,Does alcohol add value to me?,Alcohol
YWFB8BMK,"I Just want to sleep, relax, not consult anybody or a feel to see anybody",Depression
2KPKRR5Q,I feel sad and lost,Depression
W1OOD0X1,How better would I quit?,Drugs
MSEG1EUS,How can i cope up with the reality of financial distress?,Drugs
KR577F9W,What are the effects of bhang?,Drugs
N4WXTO2Z,How can I stop using alcohol?,Alcohol
NSKVDVTP,How to quit drinking completely?,Alcohol
BT009XFM,how can I overcome it?,Alcohol
KO08Y83E," Getting unexpected results, -dissatisfied, ",Depression
JHPJKYTB,I have relationship issues,Depression
BWX7DDGA,Is it possible to overcome depression,Depression
ML4Q1EUL,I feel suicidal but dont know who to talk to,Suicide
1FN3F19Z,Being financially unstable,Depression
SKQSS8U2,How can i get schoolfee to continue with my education,Depression
C4ZFBQCG,I feel bad and viewed life as negativecurrently am better,Depression
66S4DCDN,"I feel lost, unloved, used annd I just wanted to be alone",Depression
SLQD8WSJ,Is life really fair?,Suicide
AHEFY73G,How to cope with the situation,Alcohol
0KPI3LLQ,How to avoid bad company?,Alcohol
HYC7XX9D, hopeless,Depression
N5NIMS0Z,Hopeless ,Depression
4AEMAVSI,Why is alcohol sold along the school perimeter ,Alcohol
DQ0ZRCBG,What ways I would use to get rid of my messed up life?,Suicide
9KB39E0J,"how does it feel to drink,will I get addicted by drinking once",Alcohol
QNZTZXTG,how can I feel good about myself?,Depression
3NYXT52Q,What are  the effects of bhang to one health. Reasons why young people use bhang,Drugs
QNG7K64Y,how to avoid alcohol,Alcohol
SJ7CFS9T,What to do in order to heal,Suicide
KQFPSMHC,Can alcohol make me forget my problem temporarily?,Alcohol
TW5OZ0FT,I feel like I can't handle my thoughts,Depression
8B74B1L2,how can I overcome depression,Depression
TI7ZV4JN,What are the effects of alcohol on the liver,Alcohol
SODQJHO6,I feel like nothing mattered and everything was a messNow I feel like things matter,Depression
YPERKZ41,What are the effects of bhang?,Drugs
E5CV0MKI,I cannot raise money for my education,Depression
WYHWQWGQ,My relatives deny me…I wonder if I am part of my family?,Depression
PU0V70X8,How can one avoid depression?,Depression
QAA28H63,how can I overcome stress,Depression
PXYR9D4W,How do I make it go away?,Suicide
9XGSA7NA,What are the causes of depression?,Depression
I7DEVJAV,Is taking alcohol bad?,Alcohol
0HK6V5IQ,I am bored,Depression
5U9CA7JB,what is the cure for depression,Depression
JG53WKEQ,How can i feel better about myself,Depression
WV139P3G,Whats the meaning of life?,Depression
KTB98LYD,Why did my close relatives betray me?,Depression
G56ZI56J,I feel very lonely that no one could understand,Depression
43COYA4O,What is the benefit of alcohol,Alcohol
ZVE1876W,Should iI talk to my friends and peer counsellor about my depression ?,Depression
1NYXESRZ,how can I be helped to heal from depression,Depression
RFP8XV4M,I went through FGM when young even though I consented,Depression
68SJ8EY6, I feel like giving up in life,Depression
B2YVEKVV,how to get over depression,Depression
3PQMK4FM,How can I reduce my intake,Alcohol
F3UCEDHO,What are the causes of suicide,Suicide
NNJL1HJH,Why does one feel paranoid?,Drugs
0RLWLLGO,How can I stop this addiction,Alcohol
5QW8WM9C,Feelings of defeat(post exams depression)Motivated to do better,Depression
U8PFW5XV,I feel like calling off the semester,Depression
VDCJVJSQ,I asked God to take away the feeling since it was so strong,Suicide
QK0XURE8,What can i doto receive relief?,Alcohol
345EH7SW,I feel like giving up in life ,Depression
NWDQ09Y6,Why is alcohol manufactured?,Alcohol
AQXE8YUQ,I feel a lot of stress,Depression
2DQC65OW,I feel helpless,Depression
5MQ7A91J,How do I deal with  pessimistic thoughts,Depression
87074JKC,what are the causes of depression?,Depression
KVEYGOTJ,How to avoid and deal with the situation and how to respond to it,Suicide
LH9R1DBT,What makes my girlfriend cheat on me even after sacrificing everything for her sake,Suicide
2NXFMOKE,I feel overwhelmed with many thoughts to deal ,Depression
BJLZVXMC,I feel alone and unwanted by people around me,Depression
HSE1ZTR9,How to stop thinking about suicide,Suicide
3PJWHC2U,I feel like my life was being wasted,Depression
SDPWD1PN,how to quit the habit,Alcohol
6O89B9EY,Defering from classes because of finacial constraints,Depression
T7JBP0IC,How do I seek for assistance with depression?,Depression
1961MJ2S,I am dealing with  boredom,Depression
4OESQ1EK,Is there any importance of living again? Why live with no love from those who surround you?,Suicide
X8O9GH1U,The way to stop addiction,Alcohol
LADM6UFA,"how will I overcome it,I had an issue with my results and feel so depressed",Depression
QOFKBPUS,I was dumped and how long should I stay single or sould I jump into another  relationship?t,Depression
URI1V0R3,I feel heartbroken,Depression
M2JMY4OO,Alcohol is caused by what issues and why?,Alcohol
G44KLZZ4,How can I  get rid of depression,Depression
JRZYO5O8,what is this I am experiencing I didn’t know it was depression,Depression
3M7810JM,Can I get help?,Suicide
MADILFL0,I asked if alcohol was a right solution to problems,Alcohol
2QC3W148,I feel hopeless and wanting to give up,Depression
WSAVYFFX,"When someone is depressed he/she feels down, discouraged and alone I feel out of this place, lonely and discouraged",Depression
SEBOGNIF,Ways of distracting myself,Suicide
W907767X,I am sad,Depression
HE9RC42N,Why am I depressed?,Depression
I8ZPACQI,Is suicide the solution?,Suicide
DAYJJ61Y,I  feel so low and demotivated I am now okay and happy in life,Depression
RYJ3OZ9F,how could I deal with the situation that was disturbing me,Depression
8ABCNKW4,I am depressed because of the death of my uncle who provided for my basic needs,Depression
DY1JKMGM,is it really true that weed makes one mad?,Drugs
JAN18LES,Is it normal to feel depressed?,Depression
FCE44MSH,What is the meaning of life?,Suicide
F8W8NSJJ,I have a feeling of emptiness and alone,Depression
Q5E4HDTA,How can I stop the drinking habit?,Alcohol
73NZU7G2,I want to give up,Depression
22RORUIT,I was felling stressed and low. How can I cope with the situation,Depression
S116D8SI,I take alcohol for stress management.,Alcohol
3X9HWVR4,Why am I depressed?,Depression
JM5OPG3I,What are the causes of depression,Depression
PJLYRD1P,What are the coping mechanisms and prevention of depression,Depression
QQL0MAIX,How can I quit alcoholism,Alcohol
OMRH3DVV,Is alcohol harmful to my health,Alcohol
9DNFBSL2,"If one looses a close relative, what advice could she be given?",Depression
PTGL895A,Is alcohol a good stress remover?,Alcohol
I3I44B31,I am lonely,Depression
6V3ZR95L,I lack interest in my life,Depression
X7MFCWB0,Is little consumption harmful? Owing the fact that I dont misbehave,Alcohol
DQG9CGRC, Financial I am okay,Depression
4UV2FRHD,what would I do to do away with my problems,Alcohol
TZ35PP65,How can i motivate myself,Suicide
JOJHW6FC,Is it possible for one to avoid taking bhang?,Drugs
18GKJ3U8,what is the best way to avoid alcohol,Alcohol
ZTHQDLGP,I felt worhtless and like I did not deserve to be alive,Depression
D7VAHRPJ,I feel so low,Depression
8CQ5NA5Z,"I feel alone ,how can I get better?",Depression
6S0LACRA,"I feel rejected,alone and frustratedi live one day at a time",Depression
D0P1CB0F, I feel so low and I want to isolate myself ,Depression
BK5X5HHN,  why do young people use bhang?,Drugs
S7MHCGJH,Can bhang make you crazy?,Drugs
UDSG21T6,I took the alcohol and I loved the feeling,Alcohol
NHTBS1LG,is it normal having depression ,Depression
CA0859HT,I feel alone,Depression
LBV4ISID,How do I stop taking alcohol? Does alcohol have any other benefitto the body?,Alcohol
3933159G,I feel awful about my life,Depression
6X6OH52Q,"Feelings of being low,under the weatherNow I'm better",Depression
CUERB14Y,Why should I quit bhang?,Drugs
MF0708RN,How to deal with romantic relationships,Depression
Y3P3JZP1,What should i do when depressed? What can one do to reduce the feelings?,Depression
ZIPNKKK7,What causes suicidal thoughts?,Suicide
KOORZYC0,I feel suicidal after a break up,Depression
DCPL2SXG,"I have experienced,feel a heavy burden",Depression
HB8BVVJ8,Why are drugs supplied to students?,Drugs
4ZTPSBEF,How can I overcome stress to make my life more smooth,Depression
KH0NT5XD,I had two miscarriages,Depression
3QGFARA3,"I feel lost,did not what to doI stay positive",Depression
MYPDFILX,What is the effect of not talking to someone when feeling suicidal,Suicide
FU6XHANF,"I feel neglected,sad",Depression
84L7CK98,I am dealing with family issues,Depression
NIKN6HS2,Is suicide really the best method of solving a problem,Suicide
OSZQ8K2J,What can i do to avoid the shame from the village people,Suicide
VG5P3433,How could I survive without my friends,Suicide
L6CVBCFS,This has been occuring quite often,Depression
EW1NTSYD,How to avoid negative peer pressure,Alcohol
R7L7Y1IG,How do i do away with alcohol?,Alcohol
GXWI7EJL,I am dealing with  a break up from my girlfriend and a parents death,Depression
PY1C5ZVD, I feel like I hate myself and that all the choices I have made are awful ,Depression
ZV03WYKN,how do I improve on my performance,Depression
NQ7HK3NP,How to handle suicide and incidencesof suicide to youths,Suicide
PNR0M0CI,Which is the best alcohol for me?,Alcohol
447QAS4Z,How to avoid alcoholism?,Alcohol
PTSOT6WO,How do I sought for help in wanting to commit suicide,Suicide
X1F6M1BU,I failed exams I had an F,Depression
CN5UZZA0,I feel like I am nothing in the worldm[',Depression
YKET9W6S,How can i get back selfworth?,Suicide
8KUTQA8G,Lack of financial support and relationship heartbreaks,Depression
XK6D0XGQ,What steps should one take when depressed,Depression
V00KVMET,I feel uncomfortable,Depression
HE9MDURK,I am really down with a lot of headaches,Depression
QCT744TT,why does someone drink too much?,Alcohol
CI8NAQTY,Will i be criticized for taking weed?,Drugs
ZSF30K8E,What could be causes of stress and boredom,Depression
M1KNYEPT,How could I leave depression?,Depression
W0AUKZRT,How to overcome and how o utilize finances,Alcohol
0U0Y49QR,How can I seek guidance and counselling in our school,Depression
6IT1WAXZ,Causes of depression -How to contol depression,Depression
7HSK66Q3,Can i be helped?,Suicide
09UQ1YVQ,I went bankrupt because of alcohol,Alcohol
FAU3TYWK,Why is life is unfair,Alcohol
LTM0VOJQ,How can I come out of this behaviour,Alcohol
JZG8HMQ7,Is taking alcohol harmful,Alcohol
TZGXQ1SQ,How can i stop using alcohol,Alcohol
3NQJBPAE,Is it right to smoke weed in the name of doing it for the culture?,Drugs
JBSV1NI3,Relationship issues,Depression
LXE8Y8YR,ways in which one can do to control the thoughts of suicide,Suicide
ZPPBDI79,Feelings of unworthyness Don't want to associate with people Feeling things will not work out as expected,Depression
D62XN9BS,how should i avoid it,Alcohol
83YRGPF8,I feel that the world is coming to an end ,Depression
S6Z4BOS6,My hustle is not picking up,Depression
WAQY2UT3,how will I live without depression?,Depression
UY04AGX9,What can i do to avoid loss of concentration in class through fantasizing in class and study times-on romance and ponographic issues,Depression
20JTA1GT,how can the addiction be avoided,Drugs
B5R3WNYS,Between bhang and cigarette which is more harmful?,Drugs
5MXEJTEL,"I feel so low, what can I do?",Depression
6FEFKN0F,I need to talk to a friend.,Suicide
4EHEFJ7J,How can I forgive myself from the past?,Depression
0QXYZFYQ,I feel like I am a nobody,Depression
NC74KWCJ,Major steps taken to get rid of alcohol consumption,Alcohol
JQ7A9X4T,The world is out of control,Depression
R00OLRGP,Lossing bets,Depression
1SYJ01MY,What are the effects of taking alcohol?,Alcohol
DEAG586I,I feel like giving up,Depression
LZGOZDYD,Why is bhang prohibited yet it is just like any other drug?,Drugs
7L4SAC5S,Not experienced,Depression
73C44L96,I feel like crumbling down ,Depression
KB43N6AK," At home ,no one listens to me, my parents started neglecting and despising me,what can I do?",Depression
M0DT8TFB,Is weed harmful?,Drugs
20KAZ8T1,"I feel bad,now am fine",Depression
C8VZAJWW,Low self esteem,Depression
IO9JHGW7,Is weed really going to give me the energy I needed?,Drugs
Z6F1A8PK,I never sought any assistance,Suicide
C2GBAI5D,How to stop alcohol intake,Alcohol
H35L8ZD9,how to deal with migraines,Depression
139DFUFL,Is suicide the best remedy?,Suicide
6SZ3EXJ3,I did not ask for any assistance at first but later and sought for assistance and it helped me in a good way,Suicide
S6WK4NBL,"I feel confused, how can  I overcome the problem?",Depression
ULID3I4V,How do I resist peer pressure?,Drugs
MYHIEXZJ,I was just tired,Suicide
0OSLJ1HL,Where can i get money to be drinking daily?,Alcohol
XDD8ATSC,Why is it so hard to stop being a weed addict?,Drugs
LGAPCAYO, I feel very low and at times ,Depression
KFPOMS0P,Why am I alive?,Suicide
69V3L12G,Life is just hard,Depression
BOHSNXCN,What should I do to stop alcoholism?,Alcohol
GVDXRQPY,How to become my oldself again,Suicide
IO4JHIQS,How can someone stop it?,Alcohol
1DS3P1XO,I feel unworthy ,Depression
ORF71PVQ,I feel so discouraged with life,Depression
